ID,Contributor,Language_ID,Language_Name,BibTexKey,Filename,MetadataComments,PhoibleID,Dialect
1,Einav Levanon,abau1245,Abau,bailey1975abau,,,,
2,Elad Eisen,abui1241,Abui,kratochvil2007abui,,,,
3,Einav Levanon,abun1252,Abun,berry1999abun,,,,
4,Einav Levanon,achi1257,Achinese,asyik1987achinese,,,,
5,NA,agua1253,Aguaruna,overall2017aguaruna,,,,
6,Einav Levanon,musa1266,Aisi,daniels2015sogeram,,,,
7,NA,akaj1239,Aka-Jeru,abbi2013greatandamanese,,,,
8,Elad Eisen,aleu1260,Aleut,bergsland1997aleut,,,,
9,KurdistanDB,chal1275,Alqosh,coghill2004alqosh,,,,alqo1238
10,Einav Levanon,amap1240,Ama (Papua New Guinea),aarsjo1999ama,,,,
13,Einav Levanon,wara1294,Anta-Komnzo-Wára-Wérè-Kémä,dohler2016komnzo,,,,
14,KurdistanDB,lish1245,Arbel,khan1999arbel,,,,arbe1239
15,Elad Eisen,stan1288,Argentinian Spanish,honsa1965argentinianspanish,honsa1965argentinianspanish,glottocode is for Standard Spanish,,riop1234
16,Einav Levanon,asil1242,Asilulu,collins2003asilulu,,,,
17,Steven Moran,awiy1238,Awiyaana,Bees1965,auy_SPA1979_phon.pdf,,57,
18,Elad Eisen,bafu1246,Bafut,tamanji2009bafut,,,,
19,Eitan Grossman,bamb1262,Bambassi,ahland2009bambassi,,,,
20,Dmitry Nikolaev,bash1264,Bashkir,poppe1964bashkir,,,,
21,Steven Moran,basq1248,Basque,"Ndiaye1970,Gavel1929",eus_SPA1979_phon.pdf,,179,
22,KurdistanDB,assy1241,Baz,mutzafi2000maha_khtaya,,,,bazz1238
23,Dmitry Nikolaev,bela1254,Belarusian,mayo1993belorussian,,,,
24,Steven Moran,beng1280,Bengali,FergusonChowdhury1960,ben_SPA1979_phon.pdf,,177,
25,KurdistanDB,lish1247,Bétanure,mutzafi2008betanure,,,,beta1257
26,Dmitry Nikolaev,bett1235,Betta Kurumba,coelho2003bettakurumba,,,,
27,Elad Eisen,biak1248,Biak,heuvel2006biak,,,,
28,Einav Levanon,bier1244,Bierebo,budd2010bierebo,,,,
29,KurdistanDB,boht1238,Bohtan Neo-Aramaic,fox2009bohtan,,,,
30,Steven Moran,bret1244,Breton,Ternes1970,bre_SPA1979_phon.pdf,,157,
31,Steven Moran,bulg1262,Bulgarian,"Aronson1968,Klagstad1958",bul_SPA1979_phon.pdf,,167,
32,Eitan Grossman,nucl1310,Burmese,wheatley2003burmese,,,,
33,Steven Moran,buru1296,Burushaski,Morgenstierne1945,bsk_SPA1979_phon.pdf,,6,
34,David Ginebra,cahu1264,Cahuilla,seiler1977cahuilla,,,,
35,Dmitry Nikolaev,stan1288,Castilian,"martinez2003castilian, frias2001spanish",,,,cast1244
36,NA,cent2142,Central Aymara,hardman2001aymara,hardman2001aymara.pdf,,,
37,Steven Moran,cent2050,Central Kanuri,Lukas1937,knc_SPA1979_phon.pdf,,150,
38,KurdistanDB,nort2697,Central Oghuz,schoenig1998azerbaijanian,,,,
39,KurdistanDB,lish1247,Challa Neo-Aramaic (Jewish NENA),fassberg2010challa,,,,
40,Elad Eisen,cher1273,Cherokee,montgomery2008cherokee,,,,
41,Eitan Grossman,halk1245,Chiliwack,galloway1977chilliwack,,,,chil1281
42,Eitan Grossman,chim1300,Chimalapa Zoque,jimenez2014chimalapazoque,,,,
43,Steven Moran,chiq1250,Chiquihuitlán Mazatec,PikePike1947,maq_SPA1979_phon.pdf,,99,
44,Eitan Grossman,chol1282,Chol,vasquez2011chol,,,,
45,Eitan Grossman,chol1284,Cholón,adelaar2004cholon,,,,
47,Dmitry Nikolaev,chuv1255,Chuvash,"clark1998chuvash, Kruger1961,Andreev1966",,,,
48,Eitan Grossman,coat1238,Coatlán Mixe,elson1992mixezoque,,,,
49,Einav Levanon,coco1260,Cocos Islands Malay,adelaar1996cocosmalay,,,,
50,Steven Moran,copa1236,Copainalá Zoque,Wonderly1951,zoc_SPA1979_phon.pdf,,83,
51,Eitan Grossman,copt1239,Coptic,layton2011coptic,,,,
52,NA,crow1244,Crow,graczyk2007crow,,,,
54,NA,cupe1243,Cupeño,hill2005cupeno,,,,
55,Eitan Grossman,daur1238,Dagur,tsumagari2003dagur,,,,
56,Dmitry Nikolaev,dame1241,Dameli,"bashir2007dardic, morgenstierne1942dameli",,,,
57,KurdistanDB,diml1238,Dimli,todd2003dimili,,,,
58,Einav Levanon,dera1245,Duka-Ekor,desousa2006menggwa,,,,duka1248
59,Einav Levanon,dusn1237,Dusner,dalrymple2012dusner,,,,
60,Einav Levanon,east2440,East Makian,bowden2001taba,,,,
61,Steven Moran,nucl1235,Eastern Armenian,Allen1950,hye_SPA1979_phon.pdf,,171,
62,Einav Levanon,edol1239,Eastern Edolo,gossner1998easternedolo,,,,east2495
63,Steven Moran,east2328,Eastern Mari,Ristinen1960,mhr_SPA1979_phon.pdf,,181,
64,Steven Moran,east2542,Eastern Ojibwa,Bloomfield1957,ojg_SPA1979_phon.pdf,,72,
65,Steven Moran,panj1256,Eastern Panjabi,GillGleason1963,pan_SPA1979_phon.pdf,,175,
66,Steven Moran,egyp1253,Egyptian Arabic,"Mitchell1962,Tomiche1964,Kennedy1960",arz_SPA1979_phon.pdf,,132,
67,Steven Moran,stan1293,English,"OConner1973,Gimson1962,Halle1973,Fudge1975,Trnka1968",eng_SPA1979_phon.pdf,,160,
68,Dmitry Nikolaev,esto1258,Estonian,"hebedova2013estonian, asu2009estonian",,,,
69,Steven Moran,even1260,Even,Novikova1960,eve_SPA1979_phon.pdf,,192,
70,Elad Eisen,ewee1241,Ewe,pasch1995ewe,,,,
71,Lotta Jalava,finn1318,Finnish,hakulinen2004finnish,,,,
72,Lotta Jalava,fore1274,Forest Nenets,salminen2007forestnenets,,,,
74,Einav Levanon,gant1244,Gants,daniels2015sogeram,,,,
75,Steven Moran,garo1247,Garo,Burling1961,grt_SPA1979_phon.pdf,,24,
76,KurdistanDB,gura1251,Gawraju Gorani,stilo2004vafsi,,,,gawh1238
77,NA,gayo1244,Gayo,eades2005gayo,,,,
78,Steven Moran,nucl1302,Georgian,"RobinsWaterson1952,Selmer1935,Tschenkeli1958,Vogt1938,Vogt1939,Vogt1958,Vogt1971",kat_SPA1979_phon.pdf,,5,
79,Elad Eisen,stan1295,German,wiese1996german,,,,
80,Dmitry Nikolaev,gran1245,Grangali,"bashir2007dardic, grjunberg1971grangali_zemiaki",,,,
81,Einav Levanon,gras1249,Grass Koiari,dutton2003koiari,,,,
83,Eitan Grossman,guer1243,Guerrero Amuzgo,steward2000guerreroamuzgo,,,,
86,KurdistanDB,hert1241,Hértevin Proper,jastrow1988hertevin,,,,hert1242
87,Linda Konnerth,karb1241,Hills Karbi,konnerth2014karbi,,,,
89,Eitan Grossman,hueh1236,Huehuetla Tepehua,kung2007tepehua,,,,
90,Steven Moran,hung1274,Hungarian,"Kalman1972,Banhidi_etal1965,Hall1938,Hall1944",hun_SPA1979_phon.pdf,,183,
91,Steven Moran,hupa1239,Hupa,"Golla1970,Woodward1964",hup_SPA1979_phon.pdf,,65,
92,Steven Moran,igna1246,Ignaciano,OttOtt1967,ign_SPA1979_phon.pdf,,111,
93,Steven Moran,iris1253,Irish,"Fhailigh1968,Florence1970",gle_SPA1979_phon.pdf,,156,
94,Elad Eisen,itza1241,Itzá,hofling2000itzajmaya,,,,
95,Eitan Grossman,jams1239,Jamsay Dogon,heath2008jamsay,heath2008jamsay.pdf,,,
96,Elad Eisen,nucl1643,Japanese,labrune2012japanese,,,,
97,Rammie Cahlon,jauj1238,Jauja Wanca Quechua,wroughton1996jaujaquechua,,,,
98,KurdistanDB,assy1241,Jilu,fox1997jilu,,,,jilu1238
99,Steven Moran,kaba1278,Kabardian,Kuipers1960,kbd_SPA1979_phon.pdf,,4,
100,Elad Eisen,kaby1243,Kabyle,kossmann2013kabyle,,,,
101,Eitan Grossman,kala1399,Kalaallisut,fortescue1984kalallisuut,,,,
102,Dmitry Nikolaev,kala1373,Kalam (Pakistan),"bashir2007dardic, baart1995kalam, baart1997kalam",,,,kala1374
103,Einav Levanon,kaur1271,Kaure-Narau,auri1991kaure,,,,
104,Eitan Grossman,kawa1283,Kawaiisu,zigmond1990kawaiisu,,,,
105,Chingduang Yurayong,kaza1248,Kazakh,"kirchner1998kazakhkarakalpak, mccollum2018kazakh",,,,
106,Dmitry Nikolaev,khan1273,Kazym Khanty,kaksin2007kazym_khanty,,,,nort2672
107,Steven Moran,khan1273,Kazym-Berezover-Suryskarer Khanty,"Gulya1966,Steinitz1950,Katz1975",kca_SPA1979_phon.pdf,,184,
108,Einav Levanon,kend1254,Kendayan,adelaar2005salako,,,,
109,Eitan Grossman,kham1281,Khamnigan Mongol,janhunen2003khamniganmongol,,,,
110,Eitan Grossman,sout2994,Khithaulhu,lowe1999nambiquara,,,,khit1238
111,NA,khva1239,Khwarshi-Inkhoqwari,khalilova2009khwarshi,,,,
112,KurdistanDB,nort3142,Anatolian Arabic,jastrow2006anatolianarabic,,,,
113,Einav Levanon,kipu1237,Kiput,blust2003short,,,,
114,Einav Levanon,doro1266,Koki,bradshaw2012koki,bradshaw2012koki,,,koki1244
115,Einav Levanon,kome1238,Komering,abdurrahman1979komering,,,,
116,Dmitry Nikolaev,komi1269,Komi-Permyak,majshev1940komi_permjak,,,,
117,Dmitry Nikolaev,komi1277,Komi-Yazva,lytkin1961komi_yazva,,,,
118,Dmitry Nikolaev,komi1268,Komi-Zyrian,lytkin1955komi,,,,
119,Einav Levanon,kona1242,Konai,aarsjo2016konai,,,,
120,Einav Levanon,kora1294,Korafe,farr1974korafe,,,,kora1295
122,KurdistanDB,lish1245,Koy Sanjaq Neo-Aramaic,mutzafi2004koysanjaq,,,,koys1241
123,Eitan Grossman,koyr1240,Koyra Chiini Songhay,heath1999koyrachiini,,,,
125,Rammie Cahlon,culi1244,Culina,dienst2014kulina,,,,
126,Steven Moran,kuru1302,Kurukh,"Pinnow1964,Pfeiffer1972,Grignard1924",kru_SPA1979_phon.pdf,,7,
127,Eitan Grossman,kute1249,Kutenai,morgan1991kutenai,,,,
128,Steven Moran,lahu1253,Lahu,Matisoff1973,lhu_SPA1979_phon.pdf,,23,
129,Eitan Grossman,lavu1241,Lavukaleve,terrill2011lavukaleve,,,,
130,Dmitry Nikolaev,lith1251,Lithuanian,balode2001lithuanian,,,,
131,NA,logb1245,Logba,dorvlo2008logba,,,,
132,Einav Levanon,louu1245,Lou,blust1998lou,,,,
133,Steven Moran,luok1236,Luo (Kenya and Tanzania),Gregersen1961,luo_SPA1979_phon.pdf,,153,
134,Einav Levanon,nucl1460,Madurese,davies2010madurese,,,,
135,Einav Levanon,maka1316,Makasai,correia2011makasae,,,,maka1317
136,NA,maka1316,Maklere,huber2011makalero,,,,makl1245
137,NA,mamm1241,Mam,england1983mam,,,,
138,Elad Eisen,mamb1294,Mambai,anonby2011mambay,,,,
139,NA,mana1298,Manambu,aikhenvald2010manambu,,,,
140,Einav Levanon,payn1244,Manat,daniels2015sogeram,,,,
141,KurdistanDB,nucl1706,Mandaic,haeberl2015neomandaic,,,,
142,NA,mang1381,Mangarrayi,merlan1989mangarayi,,,,
143,Eitan Grossman,mapu1245,Mapudungun,adelaar2004andes,,,,
144,Steven Moran,marg1265,Marghi Central,Hoffmann1963,mrt_SPA1979_phon.pdf,,126,
145,Einav Levanon,mauw1238,Mauwake,berghall2015mauwake,,,,
146,Einav Levanon,maib1239,Maybrat-Karon,dol2007maybrat,,,,
147,Einav Levanon,mehe1243,Mehek,hatfield2016mehek,,,,
148,Steven Moran,mezq1235,Mezquital Otomi,BlightEunice1976,ote_SPA1979_phon.pdf,,97,
149,Einav Levanon,mian1256,Mian,fedden2007mian,,,,
150,Einav Levanon,miga1241,Migabac,migabac2005mcevoy,,,,
151,KurdistanDB,mlah1239,Mlahsö,jastrow2011turoyomlahso,,,,
152,Elad Eisen,hebr1245,Modern Hebrew,schwarzwald2011modernhebrew,,,,
153,Eitan Grossman,mong1330,Mongolia Buriat,skribnik2003buryat,,,,
154,Elad Eisen,halh1238,Mongolian,svantesson2005mongolian,,,,
156,Einav Levanon,mudu1242,Muduapa,bachet2006muduapa,,,,
157,Dmitry Nikolaev,munj1244,Munji,williamson2017munji,,,,
158,NA,halk1245,Musqueam,suttles2004musqueam,,,,musq1240
159,Einav Levanon,muss1246,Mussau-Emira,brownie2007mussau,,,,
160,Einav Levanon,sout2857,Nahavaq,dimock2009nahavaq,,,,
161,Einav Levanon,naka1262,Nakanai,chowning2016nakanai,,,,
162,Steven Moran,nama1264,Nama,Beach1938,naq_SPA1979_phon.pdf,,155,nama1265
163,Steven Moran,nava1243,Navajo,SapirHoijer1967,nav_SPA1979_phon.pdf,,66,
164,Dmitry Nikolaev,naxi1245,Naxi,michailovsky2006naxi,,,,
165,Einav Levanon,ngka1235,Ngkontar Ngkolmpu,carroll2016ngkolmpu,,,,
166,Eitan Grossman,nhan1238,Nhanda,blevins2001nhanda,,,,
167,Einav Levanon,nucl1633,Nimboran,"may1997nimboran, anceaux2013nimboran",,,,
168,Dmitry Nikolaev,noga1249,Nogai,"csato1998noghay, baskakov1996noghay",,,,
169,Steven Moran,nort2697,North Azerbaijani,HouseholderLofti1965,aze_SPA1979_phon.pdf,,187,
170,Daria Zhornik,mans1258,Northern Mansi,"rombandejeva1989mansi, rombandejeva1973mansi, zhornik2019mansi",,,,
172,Eitan Grossman,bamb1262,Northern Mao (Bambassi),ahland2012bambassi,,,,
173,Steven Moran,nuuc1236,Nuu-chah-nulth,"SapirMorris1939,SapirMorris1955,Jacobsen1969",noo_SPA1979_phon.pdf,,70,
174,Eitan Grossman,ocot1243,Ocotepec Mixtec,alexander1988ocotepecmixtec,,,,
175,Eitan Grossman,copa1236,Ocotepec,faarlund2012chiapaszoque,,,,ocot1242
176,Dmitry Nikolaev,kalm1243,Oirad-Kalmyk,"blasing2003kalmyk, say2009kalmyk",,,,
177,Einav Levanon,oira1263,Oirata,faust2006oirata,,,,
178,Eitan Grossman,olut1240,Oluta Popoluca,zavala2000olutec,,,,
179,Steven Moran,paez1247,Páez,gerdel1973paez,,,102,
180,Eitan Grossman,paiw1248,Paiwan,"ferrell1982paiwan, chang2006paiwan",,,,
181,Steven Moran,para1311,Paraguayan Guaraní,"GregoresSuarez1967,Lunt1973,Uldall1956",gug_SPA1979_phon.pdf,,119,
182,Einav Levanon,pina1252,Pinai-Hagahai,melliger2003pinai,,,,
183,Eitan Grossman,pipi1250,Pipil,campbell1985pipil,,,,
184,Steven Moran,pure1242,Purepecha,Foster1969,tsz_SPA1979_phon.pdf,,87,
185,KurdistanDB,chal1275,Qaraqosh Neo-Aramaic (Christian NENA),khan2002qaraqosh,,,,
186,Eitan Grossman,quil1240,Quileute,powell1976quileute,,"originally 1974, check in pdfs?",,
187,Eitan Grossman,rama1270,Rama,grinevald1990rama,,,,
188,Einav Levanon,rian1263,Riantana,choi2015riantana,,,,
189,Steven Moran,saba1265,Sa'ban,Clayre1973,snv_SPA1979_phon.pdf,,34,
190,Chingduang Yurayong,saek1240,Saek,gedney1993saek,,,,
191,Steven Moran,yaku1245,Sakha,"Krueger1962,Bohtlingk1964",sah_SPA1979_phon.pdf,,190,
192,Elad Eisen,sanm1295,San Miguel El Grande Mixtec,macaulay1996chalcatongomixtec,,,,
193,KurdistanDB,hula1244,Sanandaj,khan2009sanandaj,,,,sana1291
194,Elad Eisen,suii1243,Sandong,wei2008sandong,,,,sand1270
195,KurdistanDB,hula1244,Saqiz,israeli1998saqiz,,,,saqi1238
196,Elad Eisen,savo1255,Savosavo,wegener2012savosavo,,,,
197,Einav Levanon,sawe1240,Saweru,donohue2002saweru,,,,
198,KurdistanDB,nort3139,Sedentary Hatay Arabic,werner2000hatay,,,,
199,Dmitry Nikolaev,shix1238,Shixing,chirkova2013xumi,,,,
200,Dmitry Nikolaev,shor1247,Shor,donidze1996shor,,,,
201,Steven Moran,sinh1246,Sinhala,CoatesSilva1960,sin_SPA1979_phon.pdf,,178,
202,Dmitry Nikolaev,skol1241,Skolt Saami,feist2010skolt_saami,,,,
203,Einav Levanon,nucl1634,Skou,donohue2004skou,,,,
204,Dmitry Nikolaev,slav1254,Slavomolisano,breu2000slavomolisano,,,,
205,Dmitry Nikolaev,sooo1254,Sô,migliazza1998so,,,,
206,NA,soch1239,Sochiapam Chinantec,foris1993sochiapamchinantec,,,,
207,Elad Eisen,kist1241,Soddo,leslau1992soddo,,,,sodd1242
208,Antti Laine,soma1255,Somali,saeed1999somali,,,,
209,Steven Moran,sout2991,South Bolivian Quechua,"Bills_etal1969,Lastra1968,Lastra1968,Parker1969",quh_SPA1979_phon.pdf,,104,
210,Steven Moran,sout2982,Southeastern Pomo,Moshinsky1974,pom_SPA1979_phon.pdf,,89,
211,Steven Moran,sout2961,Southern Tiwa,Trager1971,tix_SPA1979_phon.pdf,,92,
212,Elad Eisen,sout2750,Southern Yukaghir,maslova2003kolymayukaghir,,,,
213,NA,sril1245,Sri Lanka Malay,nordhoff2009srilankamalay,,,,
214,Steven Moran,stan1306,Standard Malay,"Verguin1967,MacdonaldSoenyono1967",zsm_SPA1979_phon.pdf,,32,
215,Einav Levanon,suab1238,Suabo,devries2004inanwatan,,,,
216,KurdistanDB,hula1244,Suleimaniya Neo-Aramaic,khan2004sulemaniyya,,,,sule1243
217,Elad Eisen,sout2808,Sumayela Ndebele,ndebele1959ziervogel,,,,
218,Dmitry Nikolaev,sumi1235,Sumi Naga,teo2012sumi,,,,
220,Steven Moran,taba1266,Tabasco Chontal,Keller1959,chf_SPA1979_phon.pdf,,85,
221,Dmitry Nikolaev,sout2697,Tabriz,mokari2017azerbaijani,,,,tabr1242
222,Elad Eisen,tafi1243,Tafi,bobuafor2013tafi,,,,
223,Elad Eisen,taga1270,Tagalog,schachter1983tagalog,,,,
224,Einav Levanon,bunu1267,Takivatan,debusser2009takivatan,,,,taki1251
225,Rammie Cahlon,tapi1253,Tapieté,gonzalez2005tapiete,,,,
226,Elad Eisen,tari1256,Tariana,aikhenvald2003tariana,,,,
227,Dmitry Nikolaev,tata1255,Tatar,comrie1997tatar,,,,
228,Dmitry Nikolaev,taus1251,Tausug,soderberg2012tausug,,,,
229,Elad Eisen,tauy1241,Tauya,macdonald2011tauya,,,,
230,Steven Moran,tele1256,Telefol,Healey1964,tlf_SPA1979_phon.pdf,,55,
231,Elad Eisen,telu1262,Telugu,"krishnamurti1985telugu, bhaskararao2017telugu",,,,
232,Einav Levanon,thao1240,Thao,blust2003thao,,,,
233,Steven Moran,ticu1245,Ticuna,"Anderson1959,Anderson1962",tca_SPA1979_phon.pdf,,115,
234,Eitan Grossman,kumi1248,Tipai,miller1990jamultipai,,,,
235,Eitan Grossman,tlac1235,Tlachichilco Tepehua,watters1988tlachichilcotepehua,,,,
236,Einav Levanon,tond1251,Tondano,brickell2014tondano,,,,
237,Eitan Grossman,toto1305,Totontepec Mixe,elson1992mixezoque,,,,
238,Eitan Grossman,jeme1245,Towa,yumitani1998jemeztowa,,,,
239,Elad Eisen,tsha1245,Tshangla,andvik2010tshangla,,,,
241,Steven Moran,tuni1252,Tunica,Haas1941,tun_SPA1979_phon.pdf,,80,
242,Dmitry Nikolaev,turk1303,Turkic Khalaj,doerfer1988khalaj,,,,
243,Elad Eisen,nucl1301,Turkish,kornfilt1997turkish,,,,
244,KurdistanDB,turk1304,Turkmen,hoey2013turkmen,,,,
245,KurdistanDB,turo1239,Turoyo,jastrow2011turoyomlahso,,,,
246,Eitan Grossman,tzut1248,Tz'utujil,tzutujil1981dayley,,,,
247,Steven Moran,tzel1254,Tzeltal,Kaufman1971,tzh_SPA1979_phon.pdf,,86,
248,Dmitry Nikolaev,udmu1245,Udmurt,perevoschikov1962udmurt,,,,
249,NA,ughe1237,Ughele,frostad2013ughele,,,,
250,NA,uigh1240,Uighur,"hahn1998uyghur, hahn2006uyghur",,,,
251,Chingduang Yurayong,ukra1253,Ukrainian,shevelov1993ukrainian,,,,
252,KurdistanDB,hert1241,Umraya,hobrack2000umraya,,,,umra1238
253,NA,urar1246,Urarina,olawsky2006urarina,olawsky2006urarina.pdf,,,
254,Dmitry Nikolaev,nort2690,Uzbek,boeschoten1998uzbek,,,,
255,KurdistanDB,vafs1240,Vafsi,stilo2004vafsi,,,,
256,Steven Moran,waim1255,Waimaha,StolteStolte1971,mlt_SPA1979_phon.pdf,,114,
257,Einav Levanon,wano1243,Wano,burung2007wano,,,,
258,Einav Levanon,want1252,Wantoat,dangepnana2012wantoat,,,,
259,Einav Levanon,wara1302,Warapu,corris2005warapu,,,,
260,Elad Eisen,wels1247,Welsh,awbery2012welsh,,,,
261,Einav Levanon,west2548,West Damar,chlenova2008westdamar,,,,
262,Daria Zhornik,west2392,Western Mari,alhoniemi1993mari,,,,
263,Einav Levanon,moro1287,Wita Ea,andersen1999witaea,,,,
264,Heini Arjava,wutu1241,Wutunhua,sandman2016wutun,,,,
265,Eitan Grossman,yane1238,Yanesha',adelaar2007yanesha,adelaar2007yanesha.pdf,,,
266,Einav Levanon,yima1243,Yimas,foley1991yimas,,,,
267,KurdistanDB,gura1251,Zarda Gorani,mahmoudveysi2013zardagorani,,,,
268,Steven Moran,chuv1255,Chuvash,"Kruger1961,Andreev1966",chv_SPA1979_phon.pdf,,189,
269,Steven Moran,ewee1241,Ewe,"Stahlke1970,Berry1951,Ansre1961,Ladefoged1964",ewe_SPA1979_phon.pdf,,142,
270,Steven Moran,finn1318,Finnish,"Lehtinen1964,Harms1964,Austerlitz1967,Hammarberg1974,Kiparsky1968,Harms1966",fin_SPA1979_phon.pdf,,180,
271,Steven Moran,nucl1643,Japanese,"Bloch1950,Martin1952,Jorden1963",jpn_SPA1979_phon.pdf,,197,
272,Steven Moran,halh1238,Halh Mongolian,"Hangin1968,Luvsanvandan1964,Street1963",khk_SPA1979_phon.pdf,,191,
273,Steven Moran,hind1269,Hindi,"Kelkar1968,VermeerSharma1966,Pinnow1953,Srivastava1969",hin_SPA1979_phon.pdf,,176,
274,Steven Moran,komi1268,Komi-Zyrian,"Lytkin1966,Bubrich1949",kpv_SPA1979_phon.pdf,,182,
275,Steven Moran,lith1251,Lithuanian,"Senn1966,Augustitis1964,Ambrazas_etal1966",lit_SPA1979_phon.pdf,,168,
276,Steven Moran,aleu1260,Aleut,"Bergsland1956,Bergsland1959,Menovshchikov1968,Jakobson1944",ale_SPA1979_phon.pdf,,61,
277,Rammie Cahlon,mapu1245,Mapudungun,smeets2008mapudungun,,,,
278,Steven Moran,mapu1245,Mapudungun,EcheverriaContreras1965,arn_SPA1979_phon.pdf,,106,
279,Steven Moran,sanm1295,San Miguel El Grande Mixtec,HunterPike1969,mig_SPA1979_phon.pdf,,100,
281,Steven Moran,hebr1245,Modern Hebrew,"Chayen1973,CohenZafrani1968",heb_SPA1979_phon.pdf,,135,
283,Steven Moran,taga1270,Tagalog,"SchachterOtanes1972,Bloomfield1917",tgl_SPA1979_phon.pdf,,37,
284,Steven Moran,nucl1301,Turkish,"Swift1963,Lees1961,Underhill1976",tur_SPA1979_phon.pdf,,186,
285,Eitan Grossman,assa1263,Assamese,mahanta2012assamese,,,,
286,Konstantin Filatov,kwaz1243,Kwaza,vandervoort2004kwaza,,,,
287,Vasilisa Zhigulskaya,slov1269,Slovak,hanulikova2010slovak,,,,
289,NA,high1276,Highland Popoluca,dejong2009sierrapopoluca,,,,
290,NA,sout2672,Southeastern Pashayi,lamuwal2013southeastpashayi,,,,
291,Ezequiel Koile,wich1264,Wichí Lhamtés Güisnay (Misón La Paz dialect),1984_Avram2008,1984_Avram2008.pdf,,1984,
294,Pavel Duryagin,basq1248,Goizueta Basque,hualde2010goizuetabasque,,,,
295,Dasha Bikina,huam1247,Huambisa,pena2015huambisa,http://linguistics.berkeley.edu/~saphon/en/inv/Huambisa.html,,1948,
297,Ruslan Idrisov,moks1248,Moksha,bondarko1993mordvin,,,,
298,Ruslan Idrisov,erzy1239,Erzya,bondarko1993mordvin,,,,
299,Polina Pleshak,awac1239,Awa-Cuaiquer,curnow1997awapit,,,,
300,Vasilisa Zhigulskaya,tami1289,Tamil,keane2004tamil,,,,
301,Eitan Grossman,belh1239,Belhare,bickel2003belhare,,,,
302,Eitan Grossman,bond1245,Bondo (Remo),fernandez1968remo,,,,
303,Eitan Grossman,czec1258,Czech,dankovicova1997czech,,,,
304,Eitan Grossman,chra1242,Chrau,thomas1971chrau,,,,
305,Eitan Grossman,stan1290,French,Sten1963,fra_SPA1979_phon.pdf,,162,
306,Eitan Grossman,friu1240,Friulian,miotti2002friulian,,,,
307,Eitan Grossman,guja1253,Gujari (Gojri),losey2002gujari,,,,
308,Vanya Levin,mose1249,Mosetén,sakel2004moseten,,,,
309,Daniel Wilson,iron1242,Ossetian,hettich2002ossetian,hettich2002ossetian.pdf,Assigned Iron Ossetian based on Glottolog,,
310,Nikita Kuzin,nort3142,Baghdad Arabic (Christian),abuhaidar1991baghdadchristianarabic,,,,
311,Polina Pleshak,ukaa1243,Ukaan,abiodun1999ukaan,,,,
312,Vanya Levin,tuvi1240,Tuvan,harrison2000tuvan,,,,
313,Aigul Zakirova,nene1249,Tundra Nenets,nikolaeva2014tundranenets,,,,
314,Pavel Duryagin,russ1263,Russian,galinskaya2009russian,,,,
315,Ezequiel Koile,moco1246,Mocoví,grondona1998mocovi,,,,
316,Vanya Levin,kute1248,Kuteb,koops1990kuteb,,,,
317,Anna Sorokina,halh1238,Halh Mongolian,svantesson2005mongolian,,,,
318,Dmitry Nikolaev,caml1239,Camling,ebert1997,,,,
319,Dmitry Nikolaev,galo1242,Galo,post2007galo,,,,
320,Elad Eisen,chop1243,Copi,gowlett2003copi,xho_Gowlett2003.pdf,,1318,copi1238
321,Elad Eisen,idom1241,Idoma,1536_idu,idu_Blench2010.pdf,,1536,
322,Elad Eisen,nucl1440,Masalit,1565_mls,mls_Edgar1989.pdf,,1565,
323,Elad Eisen,nubi1253,Nubi,kcn_wellens2003,kcn_wellens2003_phon.pdf,,967,
324,Elad Eisen,wage1238,Wageman/Wagiman,cook1987wagiman,,Data from Erich Round,,
325,Elad Eisen,midd1357,Waalubal,crowley1978bandjalang,,Data from Erich Round,,waal1238
326,Elad Eisen,umbu1235,Umbugarla,davies1989umbugarla,,Data from Erich Round,,
327,Elad Eisen,badi1246,Badimaya,dunn1988badimaya,,Data from Erich Round,,
328,Elad Eisen,gunw1252,Kune,evans2003bininjgunwok,,Data from Erich Round,,gune1238
329,Elad Eisen,wand1263,Wandarang/Warndarang,heath1980warndarang,,Data from Erich Round,,
330,Elad Eisen,madh1244,Madhimadhi,hercus1986madhimadhi,,Data from Erich Round,,
331,Elad Eisen,djam1255,Jaminjung,schultzeberndt2000jaminjung,,Data from Erich Round,,jami1236
332,Elad Eisen,iwai1244,Iwaidja,teo2007iwaidjanmaung,,Data from Erich Round,,
333,Elad Eisen,anin1240,Enindhilyakwa/Anindilyakwa,vanegmond2012enindhilyakwa,,Data from Erich Round,,
334,Elad Eisen,murr1258,Murrinhpatha,mansfield2014murrinhpatha,,Data from Erich Round,,murr1259
335,Elad Eisen,djin1253,Djinang,waters1988djinang,,Data from Erich Round,,
336,Elad Eisen,arab1267,Arabana,hercus1994arabana,,Data from Erich Round,,
337,Elad Eisen,umpi1239,Umpila,ogrady1988umpila,,Data from Erich Round,,
338,Elad Eisen,gugu1254,Koko Bera / Gugubera,black1999kokobere,,Data from Erich Round,,
339,Elad Eisen,nyam1271,Nyamal,burgman2007nyamal,,Data from Erich Round,,
340,Elad Eisen,maun1240,Mawng,singer2015mawng,,Data from Erich Round,,
342,Elad Eisen,yala1262,Yalarnnga,breennodateyalarnnga,,Data from Erich Round,,
343,Elad Eisen,kitj1240,Kija/Kitja,blythe2001kija,,Data from Erich Round,,
344,Elad Eisen,mart1256,Kartujarra,ogrady1988kartujarra,,Data from Erich Round,,kart1247
345,Elad Eisen,yayg1236,Yaygir,morelli2012yaygir,,"Data from Erich Round, ask Eric by mail",,
346,Elad Eisen,koyr1242,"Songhay, Koyraboro Senni",1274_songhay_heath1999,,,1274,
347,Elad Eisen,heib1243,Heiban,1497_hbn,hbn_Guest1997.pdf,,1497,
348,Elad Eisen,uppe1455,Kriyol,1553_pov,pov_Kihm1994.pdf,,1553,
349,Elad Eisen,luch1239,Lucazi,lch_fleisch2000,lch_fleisch2000_phon.pdf,,928,
351,Elad Eisen,lagw1237,Lagwan,1406_kot,kot_Ruff2005.pdf,,1406,
354,Elad Eisen,kuwa1246,Kuwaataay/Kwatay,1549_cwt,cwt_Payne1992.pdf,,1549,
355,Elad Eisen,tach1250,Tashlhiyt Berber,shi_ridouane2014,shi_ridouane2014.pdf,,2229,
357,Elad Eisen,kolc1235,Bikele,biw_begne1979,biw_begne1979_phon.pdf,Coordinations are of Kol (Cameroon),1102,bike1242
358,Elad Eisen,lega1249,Lega-Shabunda,botne2003lega,lea_Botne2003.pdf,,1259,
359,Elad Eisen,food1238,Foodo,1310_foodo,foodo.pdf,,1310,
360,Elad Eisen,mawa1270,Mawa,1378_mcw,mcw_Roberts2009.pdf,,1378,
361,Elad Eisen,bagi1246,Bagirmi,1469_bmi,bmi_Stevenson1969.pdf,,1469,
362,Elad Eisen,arbo1245,Arbore,1525_arv,arv_Hayward1984.pdf,,1525,
364,Einav Levanon,abua1245,Abu' Arapesh,nekitel1985abu,,,,
365,Einav Levanon,agut1237,Agutaynen,quakenbushetal2010agutaynen,,,,
366,Einav Levanon,akla1241,Aklanon,delacruzzorc1968aklanon,,,,
367,Einav Levanon,akoy1238,Akoye,whitney1991akoye,,,,
368,Einav Levanon,alor1247,Alorese,klamer2011alorese,,,,
369,Einav Levanon,amar1273,Amarasi,edwards2016amarasi,,,,
370,Einav Levanon,ambo1250,Ambonese Malay,vanminde1997malayu,,,,
371,Einav Levanon,anem1249,Anem,"thurston1976anem, thurston1982anem",,,,
372,Einav Levanon,apma1240,Apma,schneider2010abma,,,,
373,Einav Levanon,aral1243,Aralle-Tabulahan,mckenzie1991aralletabulahan,,,,
374,Einav Levanon,atay1247,Atayal,rau1992atayal,,,,
375,Einav Levanon,awar1248,Awara,quigley2003awara,,,,
376,Einav Levanon,baik1238,Baikeno,hull2001baikeno,,,,
377,Einav Levanon,bala1315,Balantak,vandenberg2012balantak,,,,
378,Einav Levanon,balu1257,Paluai,schokkin2014paluai,,,,
379,Einav Levanon,bata1293,Batak Karo,woollams1996karobatak,,,,
380,Einav Levanon,beka1241,Riuk Bekati',sudarsono2002riukbekati,,,,
381,Einav Levanon,blag1240,Blagar,steinhauer2014blagar,,,,
382,Einav Levanon,bobo1255,Bobongko,mead2001bobongko,,,,
383,Einav Levanon,boto1242,Botolan Sambal,yamashita1992botolansambal,,,,
384,Einav Levanon,bugi1244,Buginese,"samsuri1965buginese, sirk1983buginese",,,,
385,Einav Levanon,buli1255,Buli,maan1951buli,,,,
386,Einav Levanon,buna1278,Bunak,schapper2009bunak,,,,
387,Einav Levanon,buru1303,Buru,grimes1991buru,,,,
388,Einav Levanon,cent2087,Coastal-Naga Bikol,mattes2014bikol,,,,
389,Einav Levanon,cent2100,Central Dusun,price2007bundudusun,,,,
390,Einav Levanon,cent2101,Central Melanau (Mukah dialect),blust1988melanau,,,,
391,Einav Levanon,cham1312,Chamorro,topping1973chamorro,,,,
392,Einav Levanon,chek1238,Cheke Holo,white1988cheke,,,,
393,Einav Levanon,ciac1237,Cia-Cia,vandenberg1991ciacia,,,,
394,Einav Levanon,daak1235,Da'a Kaili,barr1988daakaili,,,,
395,Einav Levanon,dehu1237,Dehu,tryon1968dehu,,,,
396,Einav Levanon,domm1246,Dom,tida2006dom,,,,
397,Einav Levanon,dumb1241,Dumbea,shintani1990dumbea,,,,
398,Einav Levanon,ende1246,Ende,mcdonnell2009ende,,,,
399,Einav Levanon,fiji1243,Fijian,milner1972fijian,,,,
400,Einav Levanon,foii1241,Foi,rule1993foi,,,,
401,Einav Levanon,ford1242,Fordata,marshall2000fordata,,,,
402,Einav Levanon,gadd1244,Gaddang,calimag1967gaddang,,,,
403,Einav Levanon,galo1243,Galoli,penn2006galoli,,,,
404,Einav Levanon,helo1243,Helong,steinhauer1996metathesis,,,,
405,Einav Levanon,hili1240,Hiligaynon,spitz2001hiligaynon,,,,
406,Einav Levanon,hiww1237,Hiw,franccois2010hiw,,,,
407,Einav Levanon,idaa1241,Ida'an,moody1993idaan,,,,
408,Einav Levanon,ilok1237,Iloko,rubino1997iloko,,,,
409,Einav Levanon,indo1317,Indonesian Bajau,verheijen1986bajau,,,,
410,Einav Levanon,inon1237,Inonhan,vandenheuvel1997inonhan,,,,
411,Einav Levanon,irar1238,Irarutu,matsumura1991irarutu,,,,
412,Einav Levanon,ivat1242,Itbayat,yamada2002itbayat,,,,
413,Einav Levanon,jamb1236,Jambi Malay,yanti2010jambimalay,,,,
414,Einav Levanon,java1254,Javanese,sumukti1971javanese,,,,
415,Einav Levanon,kaga1255,Kagan Kalagan,wendel1978kagankalagan,,,,
416,Einav Levanon,kaga1256,Kagayanen,harmon1977kagayanen,,,,
417,Einav Levanon,kamb1299,Kambera,klamer1998kambera,,,,
418,Einav Levanon,kana1286,Kanakanavu,tsuchida1975tsouic,,,,
419,Einav Levanon,kapr1245,Kapriman,sumbuk1999kapriman,,,,
420,Einav Levanon,kemb1249,Mateq,connell2013mateq,,,,
421,Einav Levanon,keri1250,Kerinci,mckinnon2011kerinci,,,,
422,Einav Levanon,komo1261,Komodo,fernandez1989komodo,,,,
423,Einav Levanon,kove1237,Kove,sato2013kove,,,,
424,Einav Levanon,kupa1239,Kupang Malay,steinhauer1983kupangmalay,,,,
425,Einav Levanon,laiy1246,Laiyolo,laidig1999barang,,,,
426,Einav Levanon,lala1268,Lala,"ross2002lala, symonds1989lala",,,,
427,Einav Levanon,lama1277,Lamaholot,kroon2016lamaholot,,,,
428,Einav Levanon,lamp1242,Lampung Nyo,matanggui1984lampungnyo,,,,
429,Einav Levanon,lamp1243,Lampung Api,walker1976lampungapi,,,,
430,Einav Levanon,lari1255,Larike-Wakasihu,laidig1995larike,,,,
431,Einav Levanon,leti1246,Leti,engelenhoven2004leti,,,,
432,Einav Levanon,lewo1244,Lewotobi,nagaya2012lamaholot,,,,
433,Einav Levanon,lund1271,Lun Dayeh,blust2016kelabit,,,,
434,Einav Levanon,maka1311,Makasar,jukes2006makasar,,,,
435,Einav Levanon,mama1276,Mamasa,matti1991mamasa,,,,
436,Einav Levanon,mans1262,Mansaka,svelmoe1974mansaka,,,,
437,Einav Levanon,mara1404,Maranao,lobel2011maranao,,,,
438,Einav Levanon,mati1250,Matigsalug Manobo,wang2006matigsalug,,,,
439,Einav Levanon,maya1282,Misool-Salawati Ma'ya,vanderleeden1987misoolsalawatimaya,,,,
440,Einav Levanon,mini1251,Minigir,vandermark2007minigir,,,,
441,Einav Levanon,molb1237,Molbog,thiessen1980molbog,,,,
442,Einav Levanon,mort1237,Mortlockese,odango2015mortlockese,,,,
443,Einav Levanon,muna1247,Muna,vandenberg1989muna,,,,
444,Einav Levanon,nali1244,Nalik,volker1994nalik,,,,
445,Einav Levanon,nang1262,Nanggu,vaa2013engdewu,,,,
446,Einav Levanon,napu1241,Napu,hanna1991napu,,,,
447,Einav Levanon,naue1237,Nauete,veloso2016nauete,,,,
448,Einav Levanon,neng1238,Nengone,tryon1967nengone,,,,
449,Einav Levanon,nese1235,Nese,takau2016nese,,,,
450,Einav Levanon,nucl1454,Yawa,jones1986yawa,,,,
451,Einav Levanon,nucl1594,Mairasi,"peckham1991mairasi, peckham2000mairasi",,,,
452,Einav Levanon,pagu1249,Pagu,"wimbish1991pagu, wimbish1992pagu",,,,
453,Einav Levanon,pala1344,Palauan,josephs1975palauan,,,,
454,Einav Levanon,pamp1243,Pampanga,forman1971kapampangan,,,,
455,Einav Levanon,pang1290,Pangasinan,benton1971pangasinan,,,,
456,Einav Levanon,papu1250,Papuan Malay,kluge2017papuanmalay,,,,
457,Einav Levanon,patt1249,Pattani Malay,tadmor1995pattanimalay,,,,
458,Einav Levanon,pend1242,Pendau,quick2008pendau,,,,
459,Einav Levanon,pile1238,Vaeakau-Taumako,naess2011vaeakau,,,,
460,Einav Levanon,puka1242,Pukapuka,salisbury2002pukapuka,,,,
461,Einav Levanon,rata1244,Ratahan,himmelmann1999ratahan,,,,
462,Einav Levanon,ruka1240,Rukai,zeitoun2007rukai,,,,
463,Einav Levanon,saar1237,Saaroa,pan2012saaroa,,,,
464,Einav Levanon,sahu1245,Sahu,visser1987sahu,,,,
465,Einav Levanon,samo1305,Samoan,"hunkin2009samoan, mosel1992samoan",,,,
466,Einav Levanon,sawi1256,Sawila,kratochvil2014sawila,,,,
467,Einav Levanon,sela1259,Selaru,coward2000selaru,,,,
468,Einav Levanon,siwa1245,Motuna (Siwai),onishi1994motuna,,,,
469,Einav Levanon,sout2883,Southeast Babar,steinhauer2009babar,,,,
470,Einav Levanon,sumb1241,Sumbawa,hayami1995sumbawa,,,,
471,Einav Levanon,sund1252,Sundanese,muller2001sundanese,,,,
472,Einav Levanon,tagb1258,Tagbanwa,hussey1965tagbanwa,,,,
473,Einav Levanon,taji1246,Tajio,mayani2013tajio,,,,
474,Einav Levanon,teop1238,Teop,mosel2007teop,,,,
475,Einav Levanon,tetu1245,Tetum,vanklinken1999fehan,,,,
476,Einav Levanon,tetu1246,Tetun Dili,williams2002tetun,,,,
477,Einav Levanon,tido1248,Tidore,vanstaderi2000tidore,,,,
478,Einav Levanon,timu1262,Timugon Murut,prentice1971murut,,,,
479,Einav Levanon,tiri1258,Tiri-Mea,osumi1995tirimea,,,,
480,Einav Levanon,toab1237,To'abaita,lichtenberk2008toqabaqita,,,,
481,Einav Levanon,tobe1252,Tobelo,holton2003tobelo,,,,
482,Einav Levanon,tobi1239,Tobilung,tobisa2010tobilung,,,,
483,Einav Levanon,tsou1248,Tsou,tsuchida1975tsouic,,,,
484,Einav Levanon,tuam1242,Tuamotuan,kuki1970tuamotuan,,,,
485,Einav Levanon,tugu1245,Tugun,hinton1991tugun,,,,
486,Einav Levanon,tuka1248,Tukang Besi North,donohue1999tukangbesi,,,,
487,Einav Levanon,unua1237,Unua,pearce2015unua,,,,
488,Einav Levanon,urak1238,Urak Lawoi',steinhauer2008urak,,,,
489,Einav Levanon,vinm1237,Neve'ei,musgrave2007neveei,,,,
490,Einav Levanon,vure1239,Vurës,malau2016vures,,,,
491,Einav Levanon,waim1252,Waima'a,hull2002waimaha,,,,
492,Einav Levanon,wamb1259,Wambon,vries1992wambon,,,,
493,Einav Levanon,wand1267,Wandamen,gasser2014windesi,,,,
494,Einav Levanon,west2600,West Makian,voorhoeve1982westmakian,,,,
495,Einav Levanon,woli1241,Wolio,vandenberg2008wolio,,,,
496,Einav Levanon,wotu1240,Wotu,mead2013wotu,,,,
497,Einav Levanon,wutu1244,Wutung,marmion2010wutung,,,,
498,Einav Levanon,yabe1254,Yabem,"ross2002yabem, ross1993tonogenesis",,,,
499,Einav Levanon,yape1248,Yapese,jensen1977yapese,,,,
500,Einav Levanon,yaum1237,Yau,sarvasy2017nungon,,,,
501,Einav Levanon,yuag1237,Yuaga,schooling1992yuanga,,,,
502,David Ginebra,curr1243,Curripaco,granadillo2006curripaco,,,,
503,David Ginebra,chim1302,Chimborazo Quichua,beukema1975chimborazoquichua,,,,
504,David Ginebra,sala1272,Salasaca Quichua,mazaquiza2008salascaquechua,,,,
505,Elad Eisen,east2652,Eastern Oromo,1552_hae,hae_Owens1985.pdf,,1552,
506,Elad Eisen,furu1242,Furu,fuu_boyeldieu2000,fuu_boyeldieu2000_phon.pdf,,878,
507,Elad Eisen,mach1266,Machame,1283_jmc_kiwoso,jmc_kiwoso.PDF,,1283,
508,Elad Eisen,argo1244,Argobba,1396_hertzon,agj_Hudson1997.pdf,,1396,
509,Elad Eisen,bamb1269,Bambara,"1496_beledugu_bam,1496_bam_green2010",bam_green2010.pdf,,1496,
510,Elad Eisen,mori1278,Morisyen,1569_mfe,mfe_Baker1972.pdf,,1569,
511,David Ginebra,berb1259,Berbice Dutch,kouwenberg1994berbicedutch,,,,
512,David Ginebra,huam1248,Huallaga (Huanuco) Quechua,weber1983huallagaquechua,,,,
513,Elad Eisen,siam1242,Siamou,1627_Haas_sif,Haas_sif.pdf,,1627,
514,Elad Eisen,sumb1240,Sumbwa,1639_Kahigi_suw,Kahigi_suw.PDF,,1639,
515,Elad Eisen,amha1245,Amharic,amh_hayward1992,amh_hayward1992.pdf,,2156,
516,Elad Eisen,awng1244,Awngi,1542_awngi_2010,Hetzron1969.png,,234,
517,Elad Eisen,chum1261,Chumburung,Hartell1993,ncu_Hartell1993_phon.pdf,,686,
518,David Ginebra,cavi1250,Cavineña,guillaume2004cavinena,,,,
519,David Ginebra,cham1318,Chamicuro,parker1991chamicuro,,,,
520,David Ginebra,kari1301,Karipúna Creole French,tobler1983karipuna,,,,
521,David Ginebra,kano1245,Kanoê,bacelar2004kanoe,,,,
522,David Ginebra,mund1330,Mundurukú,picanco2005munduruku,,,,
523,David Ginebra,huay1240,Huaylas Ancash Quechua,levengood1982huaylasquechua,,,,
524,David Ginebra,toba1269,Toba,klein1973toba,,,,
525,Einav Levanon,rapa1244,Rapanui,kieviet2017rapanui,,,,
526,David Ginebra,abip1241,Abipon,najlis1966abipon,,,,
527,David Ginebra,apal1257,Apalí,koehn1986apalai,,,,
528,David Ginebra,apin1244,Apinayé,albuquerque2007apinaye,,,,
529,David Ginebra,ashe1272,Ashéninka Perené,mihas2010asheninkaperene,,,,
530,Elad Eisen,swah1253,Swahili,tucker1946swahili,,,,
533,Dmitry Nikolaev,arch1244,Archi,kibrik1977archi,,,,
535,Dmitry Nikolaev,duru1236,Parji,burrowbhattacharya1953parji,,,,
536,Dmitry Nikolaev,mara1378,Marathi,dhongadewali2009marathi,,,,
537,Dmitry Nikolaev,moro1292,Moroccan Arabic,"cohen2017moroccanarabic,Harrell1962,Abdel-Massih1973,Harrell1965",ary_SPA1979_phon.pdf,"Unlike the SPA doculect with the same phonemes, this one lists the source language (Standard French).",133,
538,Dmitry Nikolaev,mait1250,Maithili,kashyap2014bajjika,,The borrowing language (Bajjika) was previously considered a dialect of Maithili and has no glottocode or ISO code of its own.,,
539,Dmitry Nikolaev,kana1281,Kanauji,dwivedikar2016kanauji,,,,
540,Dmitry Nikolaev,puma1239,Puma,sharma2013puma,,,,
542,Yoav Yosef,nort2646,Pashto,tegeyrobson1996pashto,,"The grammar states that this consonant appears in loan words from Persian and Arabic, but not only those two languages.",,
549,Yoav Yosef,urdu1245,Urdu,masica1993indoaryan,,,,
550,Yoav Yosef,hind1269,Hindi,masica1993indoaryan,,,,
551,Daniil Levin,dutc1256,Dutch,"peters2006dutch, verhoeven2005dutch",,,,
552,Haggai Kovatch,yalu1240,Jalonke,lupke2005jalonke,,,,
554,Yael Assouline,koya1253,Koyaga,creissels1988koyaga,,the status of /z/ might have been affected by the introduction of loan words into the Koyaga language.,,
555,Haggai Kovatch,baga1272,Baga,ganong1998bagasitem,,,,
556,Haggai Kovatch,adam1253,Adamawa Fulfulde,"taylor1953adamawafulani,stennes1967adamawafulani",,"Taylor uses non-standard phonological orthography and compares the language to English. This might need to be checked.  

Stennes, page 14 (bottom) there's a note on borrowing consonant clusters.",,
557,David Ginebra,bare1276,Bare,aikhenald1995bare,,,,
558,Dmitry Nikolaev,lamb1269,Lambadi,oranskaya2011lambadi,,,,
559,Dmitry Nikolaev,saur1248,Saurashtra,smith2011saurashtra,,,,
562,David Ginebra,baur1253,Baure,danielsen2007baure,,,,
563,David Ginebra,cabi1241,Kawiyari,reinoso2009kawiyari,,,,
564,David Ginebra,nort2980,Tarma Quechua,adelaar1977tarma,,"Should we consider this grammar as two different doculects? Glottolog doesn't do so, but for our project it would be definatelly clearer, because sometimes the same sound is borrowed in one dialect but not in the other or sometimes it is a new phoneme in one dialect but a distrubutional change in the other.",,
565,Haggai Kovatch,libe1240,Liberian English,singler1981liberianenglish,,,,
566,Yuval Sarig,bank1256,Bankon,atindogbe1996bankon,,,,
569,Yuval Sarig,wehh1238,Weh,davison2009weh,,,,
572,Yuval Sarig,lele1266,Lele,vydrin2009lele,,,,
573,Haggai Kovatch,zulu1248,Zulu,crothers1979zulu,,,,
574,Haggai Kovatch,fuli1240,Fuliiru,vanotterloo2011fuliiru,,,,
